"text","priority"
"Our card expires next month and we need to replace it before renewal","normal"
"We are considering ending one workspace after the current annual term","low"
"Could you advise us on this situation? The customer service team cannot open cases, although managers have a temporary workaround","high"
"A costly add-on renews in two days unless the cancellation is processed We would appreciate clear guidance on the next step.","high"
"Please refund the unused portion of a package we no longer require","normal"
"I am writing on behalf of our organization. the customer service team cannot open cases, although managers have a temporary workaround","high"
"I am writing on behalf of our organization. a duplicate withdrawal emptied the operating account and the bank needs an immediate reversal to avoid rejected payroll","urgent"
"I have a general question about changing display preferences someday","low"
"I am writing on behalf of our organization. one employee cannot save a record, although the rest of the team can continue working","normal"
"A substantial duplicate payment has reduced the funds available for this week's payroll","high"
"I would like a general overview of your plans for future budget planning","low"
"Could you advise us on this situation? All workspaces show another customer's data, so we have stopped using the service pending an immediate response","urgent"
"A duplicate withdrawal emptied the operating account and the bank needs an immediate reversal to avoid rejected payroll","urgent"
"I am writing on behalf of our organization. our team is curious whether nonprofit pricing exists, with no purchase decision scheduled","low"
"I am writing on behalf of our organization. our project has ended and the related plan can finish at the end of its term","normal"
"I am writing on behalf of our organization. a terminated employee controls the subscription and we need service ended before more data is accessed","urgent"
"I am writing on behalf of our organization. we need a copy of an invoice from last year for our internal archive","low"
"I am writing on behalf of our organization. multiple large charges are continuing to post after the service confirmed they were stopped","urgent"
"Could you advise us on this situation? Please prepare a standard quote for ten users so we can review it this month","normal"
"I am following up on a reimbursement that was approved last week We would appreciate clear guidance on the next step.","normal"
"I am writing on behalf of our organization. a failed renewal will suspend our production workspace within the next hour","urgent"
"I am writing on behalf of our organization. a costly add-on renews in two days unless the cancellation is processed","high"
"I am writing on behalf of our organization. our card expires next month and we need to replace it before renewal","normal"
"I am writing on behalf of our organization. could you explain how archived workspaces are organized before we create one","low"
"Could you advise us on this situation? I am reading the refund policy before making any purchase","low"
"I am writing on behalf of our organization. an integration stopped updating overnight, but we can enter the data manually for now","normal"
"A payment was assigned to the wrong company and both finance teams are unable to reconcile it","high"
"A profile picture is slightly cropped, but the account remains fully usable We would appreciate clear guidance on the next step.","low"
"I am writing on behalf of our organization. the invoice total is substantially wrong and must be corrected before today's approval cutoff","high"
"Could you disable renewal before the next ordinary billing cycle We would appreciate clear guidance on the next step.","normal"
"The contract deadline is tomorrow and we need confirmation that notice was accepted","high"
"I am writing on behalf of our organization. our team is reviewing which subscriptions it might reduce in a future budget cycle","low"
"The account is scheduled to renew today for a large annual amount that the company did not authorize We would appreciate clear guidance on the next step.","urgent"
"Our card expires next month and we need to replace it before renewal We would appreciate clear guidance on the next step.","normal"
"Procurement will choose another vendor unless it receives the contract details by tomorrow We would appreciate clear guidance on the next step.","high"
"Production is unavailable for all customers and every request is returning a server error We would appreciate clear guidance on the next step.","urgent"
"Please guide me through downgrading the account after this month","normal"
"I have a general question about changing display preferences someday We would appreciate clear guidance on the next step.","low"
"I am writing on behalf of our organization. a public-sector bid closes in two hours and our final submission cannot proceed without your signed pricing","urgent"
"I am writing on behalf of our organization. we are closing a division this week and need its workspace terminated before access transfers","high"
"A costly add-on renews in two days unless the cancellation is processed","high"
"Our annual renewal occurs tomorrow and the subscription must not extend into another year We would appreciate clear guidance on the next step.","high"
"Please describe how a voluntary downgrade would work when there is no deadline","low"
"The system charged our card thousands of dollars repeatedly and new transactions are still appearing We would appreciate clear guidance on the next step.","urgent"
"The customer service team cannot open cases, although managers have a temporary workaround","high"
"Could you advise us on this situation? We suspect an unauthorized administrator accessed confidential records and need immediate security help","urgent"
"Could you advise us on this situation? Our account was switched to an unfamiliar billing owner and confidential invoices are exposed","urgent"
"I am writing on behalf of our organization. one of two identical charges should be reimbursed through the usual process","normal"
"I am writing on behalf of our organization. we may request money back for an optional workshop later, but no payment has been made","low"
"Today's payment deadline will shut down a critical customer service operation if the transaction is not corrected We would appreciate clear guidance on the next step.","urgent"
"Could you advise us on this situation? The export button produces an error and we would like it fixed through regular support","normal"
"I am writing on behalf of our organization. we must purchase emergency capacity today because a live customer event has exceeded every current limit","urgent"
"The promised refund has not arrived and our card balance is blocking essential purchases We would appreciate clear guidance on the next step.","high"
"I am writing on behalf of our organization. could you disable renewal before the next ordinary billing cycle","normal"
"Could you advise us on this situation? A former administrator still has access to a workspace that must be closed immediately for security reasons","urgent"
"We are ready to discuss purchasing an additional workspace through the normal process We would appreciate clear guidance on the next step.","normal"
"I am writing on behalf of our organization. please change the address shown on our future invoices","normal"
"I am writing on behalf of our organization. production is unavailable for all customers and every request is returning a server error","urgent"
"Please prepare a standard quote for ten users so we can review it this month","normal"
"I am writing on behalf of our organization. our accountant is documenting accepted payment methods for next year's procedures","low"
"I am writing on behalf of our organization. i would like a general overview of your plans for future budget planning","low"
"Our proposal is due tomorrow and we need final pricing to include your platform We would appreciate clear guidance on the next step.","high"
"I want to understand how reimbursements normally appear on a card statement","low"
"Could you advise us on this situation? I have a general question about changing display preferences someday","low"
"We need a copy of an invoice from last year for our internal archive","low"
"I would like a general overview of your plans for future budget planning We would appreciate clear guidance on the next step.","low"
"The promised reimbursement is required today to prevent an essential supplier payment from failing","urgent"
"The checkout failure is blocking an emergency account expansion needed for today's operations We would appreciate clear guidance on the next step.","urgent"
"Could you advise us on this situation? Several departments lost access to a key workspace, but administrators can still retrieve data","high"
"We are ready to discuss purchasing an additional workspace through the normal process","normal"
"Could you advise us on this situation? Please refund the unused portion of a package we no longer require","normal"
"I am writing on behalf of our organization. a substantial duplicate payment has reduced the funds available for this week's payroll","high"
"I am writing on behalf of our organization. a major annual purchase was made accidentally and finance needs the reversal prioritized","high"
"Could you advise us on this situation? Please describe how a voluntary downgrade would work when there is no deadline","low"
"Could you advise us on this situation? The entire company is locked out of the platform and nobody can perform their work","urgent"
"Please clarify whether old exported reports remain available after ninety days","low"
"Could you advise us on this situation? Could you disable renewal before the next ordinary billing cycle","normal"
"Could you advise us on this situation? Our busiest team is blocked from uploading files and the workaround is too slow to sustain","high"
"Could you advise us on this situation? Our proposal is due tomorrow and we need final pricing to include your platform","high"
"The entire company is locked out of the platform and nobody can perform their work","urgent"
